{"cameraMode":{"drawMode":0,"name":"Shaded","section":"Shading Mode"},"sceneLighting":true,"audioPlay":false,"sceneViewState":{"showFog":true,"showMaterialUpdate":false,"showSkybox":false,"showFlares":true,"showImageEffects":true,"showParticleSystems":true},"in2DMode":false,"pivot":{"x":0.5711641311645508,"y":-0.7282018661499023,"z":1.3892245292663575},"rotation":{"x":0.2570326328277588,"y":-0.5202909708023071,"z":0.16781167685985566,"w":0.7969149351119995},"size":15.660469055175782,"orthographic":false}